Workbook

Sheet 概要
A1: 案2：4極ハーネス（モーター用）＋14極ハーネス（信号用）の2本構成【採用】
A2: 採用案。このファイルを正式な購入リストとする。ハーネスは1本に束ねず、モーター用と信号用の2本に分ける
A4: コネクタ | B4: Mini-Fit Jr. 4極（2×2）と14極（2×7）。各中継位置（③-②間、②-①間）に、4極ハーネス用と14極ハーネス用のコネクタをそれぞれ設ける
A5: ハーネス構成 | B5: 4極ハーネス：AV1.25 赤＋／黒−のツイストペア2組（左右モーター）／14極ハーネス：SX(NE) 0.5sq×7P 1本（RC・5V・CURR/VOLT・非常停止SW・LED）。2本は数cm離して配線し、交差は直角に
A6: ハウジング（モノタロウ、税込、10個入り） | B6: 5557-04R（08561481）307円＋5557-14R（08561533）659円＋5559-04P（08561296）395円＋5559-14P（08561341）736円
A7: ハウジング費用合計 | B7: 2,097円（案1より約2,600円安い）
A8: 出荷 | B8: すべて当日出荷の表示
A9: ピン構成 | B9: 4極：モーター4本／14極：信号・電源14本（空きなし）
A10: 長所 | B10: 安価で納期が短い。モーター電力と信号がハーネスごと分離され、モーター線から信号線へのノイズ結合がさらに小さい（2本を数cm離せる）。浸水・ピン曲がり時の回り込みリスクも低い。4極だけ抜けばモーターだけを切り離せる（机上テストで安全）
A11: 短所・注意 | B11: 挿す箇所が2か所で挿し忘れの可能性（両端に「MOTOR」「SIGNAL」のラベルで対策）。ハーネスが2本になり、外装・クリップ・固定箇所が増える。パネル取付耳の有無は図面で確認
A12: 共通：端子 | B12: 5556T3L／5558T3L（AWG16、モーター線）、5556TL／5558TL（AWG18〜24、信号）。すずめっき、各100個入り1パック
A13: 共通：ケーブル | B13: モーター：エーモンAV1.25 赤・黒（自作ツイスト）／信号：SX(NE) 0.5sq×7P（ペア1〜7）
A14: 共通：性別 | B14: ③後部ユニット＝メス(5557)、②ハーネス後部側＝オス(5559)、②ハーネス前部側＝メス(5557)、①前部ユニット＝オス(5559)

Sheet ピン配置図

Sheet 購入リスト
A1: ハーネス部品 購入リスト（Molex Mini-Fit Jr. 4極ハーネス＋14極ハーネス 2本構成・採用版）
A2: 「必要数」「購入数」は式で計算されます。「確認」「購入」列はプルダウンで選択、「実際に購入した品番」は手入力してください。
A4: No | B4: 区分 | C4: 部品名 | D4: メーカー | E4: 品番（例） | F4: 仕様 | G4: 必要数 | H4: 購入数 | I4: 単位 | J4: 確認ポイント | K4: 確認 | L4: 購入 | M4: 実際に購入した品番・備考
A5: 1-1 | B5: コネクタ | C5: メス側ハウジング 4極（レセプタクル） | D5: 日本モレックス | E5: 5557-04R（モノタロウ 08561481） | F5: 4極、2×2、4.2mm、ナイロン66・UL94V-2、10個入り、税込307円 | G5: =条件!$B$5 -> 2 | H5: =ROUNDUP(G5/10,0) -> 1 | I5: パック | J5: モーター電力用。③後部ユニットと②ハーネスの前部側 | K5: 未確認 | L5: 未購入 | M5: 必要数は個数、購入数はパック数（1パック10個）
A6: 1-2 | B6: コネクタ | C6: メス側ハウジング 14極（レセプタクル） | D6: 日本モレックス | E6: 5557-14R（モノタロウ 08561533） | F6: 14極、2×7、4.2mm、ナイロン66・UL94V-2、10個入り、税込659円 | G6: =条件!$B$5 -> 2 | H6: =ROUNDUP(G6/10,0) -> 1 | I6: パック | J6: 信号・電源用。③後部ユニットと②ハーネスの前部側 | K6: 未確認 | L6: 未購入 | M6: 必要数は個数、購入数はパック数（1パック10個）
A7: 2-1 | B7: コネクタ | C7: オス側ハウジング 4極（プラグ） | D7: 日本モレックス | E7: 5559-04P（モノタロウ 08561296） | F7: 4極、2×2、4.2mm、ナイロン66・UL94V-2、10個入り、税込395円 | G7: =条件!$B$5 -> 2 | H7: =ROUNDUP(G7/10,0) -> 1 | I7: パック | J7: モーター電力用。②ハーネスの後部側と①前部ユニット。パネル取付耳の有無を図面で確認 | K7: 未確認 | L7: 未購入 | M7: 必要数は個数、購入数はパック数（1パック10個）
A8: 2-2 | B8: コネクタ | C8: オス側ハウジング 14極（プラグ） | D8: 日本モレックス | E8: 5559-14P（モノタロウ 08561341） | F8: 14極、2×7、4.2mm、ナイロン66・UL94V-2、10個入り、税込736円 | G8: =条件!$B$5 -> 2 | H8: =ROUNDUP(G8/10,0) -> 1 | I8: パック | J8: 信号・電源用。②ハーネスの後部側と①前部ユニット。パネル取付耳の有無を図面で確認 | K8: 未確認 | L8: 未購入 | M8: 必要数は個数、購入数はパック数（1パック10個）
A9: 3 | B9: 端子 | C9: メス端子 AWG16用 | D9: 日本モレックス | E9: 5556T3L（モノタロウ 75939272） | F9: メス端子 AWG16用、すずめっき2.5µm、バラ品、100個入り | G9: =条件!$B$5*条件!$B$6 -> 8 | H9: =ROUNDUP(G9*条件!$B$8/100,0) -> 1 | I9: パック | J9: すずめっきで統一。モーター線用 | K9: 未確認 | L9: 未購入 | M9: 必要数は個数、購入数はパック数（1パック100個）
A10: 4 | B10: 端子 | C10: メス端子 AWG18〜24用 | D10: 日本モレックス | E10: 5556TL（モノタロウ 08561682） | F10: メス端子 AWG18〜24用、すずめっき2.5µm、バラ品、100個入り | G10: =条件!$B$5*条件!$B$7 -> 28 | H10: =ROUNDUP(G10*条件!$B$8/100,0) -> 1 | I10: パック | J10: すずめっきで統一。SX(NE)芯線・ドレインの被覆外径が適合範囲内か確認 | K10: 未確認 | L10: 未購入 | M10: 必要数は個数、購入数はパック数（1パック100個）
A11: 5 | B11: 端子 | C11: オス端子 AWG16用 | D11: 日本モレックス | E11: 5558T3L（モノタロウ 75939333） | F11: オス端子 AWG16用、すずめっき2.5µm、バラ品、100個入り | G11: =条件!$B$5*条件!$B$6 -> 8 | H11: =ROUNDUP(G11*条件!$B$8/100,0) -> 1 | I11: パック | J11: すずめっきで統一。モーター線用 | K11: 未確認 | L11: 未購入 | M11: 必要数は個数、購入数はパック数（1パック100個）
A12: 6 | B12: 端子 | C12: オス端子 AWG18〜24用 | D12: 日本モレックス | E12: 5558TL（モノタロウ 08561454） | F12: オス端子 AWG18〜24用、すずめっき2.5µm、バラ品、100個入り | G12: =条件!$B$5*条件!$B$7 -> 28 | H12: =ROUNDUP(G12*条件!$B$8/100,0) -> 1 | I12: パック | J12: すずめっきで統一 | K12: 未確認 | L12: 未購入 | M12: 必要数は個数、購入数はパック数（1パック100個）
A13: 7 | B13: 工具 | C13: 圧着工具 16AWG用 | D13: IWISS（手持ち品で代用） | E13: SN-2549 ＋ 48Bダイス | F13: AWG16は48Bダイスの1.0〜1.5sqの溝で圧着 | G13: 0 | H13: =G13 -> 0 | I13: 本 | J13: 試し圧着で確認：被覆側バレルの閉じ具合（モーター線の被覆外径2.7mm）、Molex仕様書の圧着高さ、引っ張り試験、ハウジングへの挿入 | K13: 未確認 | L13: 未購入 | M13: 購入不要（手持ち品）。不良なら純正200218-2200または63811-1000を検討
A14: 8 | B14: 工具 | C14: 圧着工具 18〜24AWG用 | D14: IWISS（手持ち品で代用） | E14: SN-2549（標準ダイス） | F14: AWG20はSN-2549の標準ダイスで圧着 | G14: 0 | H14: =G14 -> 0 | I14: 本 | J14: 試し圧着で確認：芯線・被覆の両バレルの巻き具合、引っ張り試験、ハウジングへの挿入 | K14: 未確認 | L14: 未購入 | M14: 購入不要（手持ち品）
A15: 9 | B15: 工具 | C15: 端子取り外し工具 | D15: Molex | E15: 11-03-0044 | F15: Mini-Fit Jr. 用エクストラクタ | G15: 1 | H15: =G15 -> 1 | I15: 本 | J15: ピン配置の修正、将来のDT移行に使用 | K15: 未確認 | L15: 未購入
A16: 10 | B16: 電線 | C16: モーター電力用 シールド付き4芯ケーブル | D16: 大電 | E16: ロボトップ(DPC3-SB/2517)AWG16(1.25sq)4c（モノタロウ 34967274、5m巻） | F16: 1.25mm²×4芯、より線124/0.12、絶縁体外径2.7mm、仕上外径9.9mm、シールド付き、UL/c-UL 105℃、300V。左右モーターの±をまとめて通す | G16: 0 | H16: =ROUNDUP(G16*条件!$B$12,1) -> 0 | I16: m | J16: 各モーターの＋と−は対角の芯線同士で組む（スターカッド）。芯線の色の割り当てをピン配置シートに記録。シールドはMDDS30側（③の端）のみGNDに接続し、①②の区間は折り返して絶縁 | K16: 未確認 | L16: 未購入 | M16: 今回は不採用（到着まで約1週間のため代替案2で先行）。将来の置き換え候補。5m巻×1（必要量2.4m）
A17: 10-代替1 | B17: 電線 | C17: モーター線 AWG16 シリコン線 赤黒（自作ツイスト）【No.10の代替案1】 | D17: HaerknCbl（Amazon） | E17: 16AWG/1.3Sq シリコンワイヤー 赤＋黒 2色セット（10mを選択） | F17: 1.3sq、すずめっき銅より線、200℃、600V。赤を＋、黒を−に使い、左右モーター用に赤黒を2本ずつ自分でツイスト（2〜3cmに1回転） | G17: 0 | H17: =G17 -> 0 | I17: セット | J17: 被覆外径をノギスで測り試し圧着で確認。各色約2.6m必要（1本約1.3m×2本、ツイストの縮み込み）。色で左右を区別できないので、ツイスト直後に両端へR/Lのマーカーを付ける（No.18）。シリコン被覆は傷に弱いので角やクランプ部を保護 | K17: 未確認 | L17: 未購入 | M17: 今回は不採用（代替案2を採用）
A18: 10-代替2 | B18: 電線 | C18: モーター線 AV1.25 車両用ビニル線 赤・黒（自作ツイスト）【No.10の代替案2】 | D18: エーモン（モノタロウ） | E18: 3470 AV1.25 6m（73991628）を赤・黒の2色で購入（黄・青は品切れ） | F18: 1.25sq、素線50本のより線、耐油・耐候性ビニル、導体最高許容温度80℃、許容電流11.6A。赤＝＋、黒＝−で左右モーター用に2組ツイスト | G18: 2 | H18: =G18 -> 2 | I18: 本（色） | J18: 被覆外径（約2.7〜3mm）を測り5556T3L／5558T3Lで試し圧着。各色約2.6m必要（6mで余裕あり）。左右は色で区別できないため、No.18のマーカーチューブで「R」「L」を表示 | K18: 未確認 | L18: 未購入 | M18: 【今回採用・4極ハーネス】赤・黒 各6m×1。No.10・代替案1は購入不要
A19: 11 | B19: 電線 | C19: 5V用 AWG20 電線（赤） | D19: — | E19: — | F19: No.13のペア3で代用（購入不要） | G19: 0 | H19: =ROUNDUP(G19*条件!$B$12,1) -> 0 | I19: m | J19: ペア3の芯線の色の割り当てをピン配置シートに記録 | K19: 未確認 | L19: 未購入 | M19: 購入不要（No.13のペア3）
A20: 12 | B20: 電線 | C20: GND用 AWG20 電線（黒） | D20: — | E20: — | F20: No.13のペア3で代用（購入不要） | G20: 0 | H20: =ROUNDUP(G20*条件!$B$12,1) -> 0 | I20: m | J20: ペア3の芯線の色の割り当てをピン配置シートに記録 | K20: 未確認 | L20: 未購入 | M20: 購入不要（No.13のペア3）
A21: 13 | B21: 電線 | C21: 14極ハーネス用 シールド付きツイストペアケーブル（RC信号・5V・アナログ・非常停止SW・LED） | D21: 太陽ケーブルテック（旧テイコク） | E21: SX(NE) 0.5sq×7P（モノタロウ 5m巻 34956862） | F21: 0.5mm²×7対、編組シールド＋ドレインワイヤ、絶縁体外径1.5mm、仕上外径9.9mm、許容電流5.4A、150V | G21: 1 | H21: =G21 -> 1 | I21: 巻（5m） | J21: ペア1：RC右＋信号GND、ペア2：RC左＋信号GND、ペア3：5V＋GND、ペア4：SW COM＋NC、ペア5：LED＋＋LED−、ペア6：CURRENT＋VOLTAGE、ペア7：5V＋GND（2本目）。芯線の色をピン配置シートに記録。信号GNDは2本を1端子にダブル圧着 | K21: 未確認 | L21: 未購入 | M21: 5m巻×1（1台分の必要量は約1.2m。作り直し・予備を含む）。税別9,498円、出荷6日以内。2m巻（34956381）でも1台分は可
A22: 14 | B22: 材料 | C22: 編組チューブ（PET編組スリーブ） | D22: デンカエレクトロン | E22: FL-12-5（モノタロウ 34658872、全長5m、最大径約24mm） | F22: ポリエステルモノフィラメント、−75〜125℃、UL224、自己消火性。自然折径幅約12〜13mm | G22: 1 | H22: =G22 -> 1 | I22: 本（5m） | J22: 2本のハーネスそれぞれに使用：4極ハーネス（AVツイストペア2組、外径10mm前後）、14極ハーネス（SX(NE)単体、外径9.9mm）。FL-12（自然折径約12mm、最大径約24mm）はどちらにも適合。切り口ははんだごてで溶着し、熱収縮チューブで仕上げる。SX(NE)はシースがあるため、擦れの心配がない区間は省略可 | K22: 未確認 | L22: 未購入 | M22: 5m巻×1から約0.72m×2本（4極用・14極用）を切り出す
A23: 15 | B23: 材料 | C23: 熱収縮チューブ（パック品） | D23: モノタロウ | E23: 収縮チューブ パック品（モノタロウ 60981052） | F23: 収縮前内径1.5/2.5/3.0/4.5/6.5/10.7/12.7mm 各1m×7本、2:1、−55〜125℃、600V | G23: 1 | H23: =G23 -> 1 | I23: セット | J23: 用途の目安：ドレイン線1.5mm、AV線ツイスト端10.7mm、SX(NE)外被端10.7〜12.7mm、編組チューブ端部（各ハーネス外径10mm前後）12.7mm | K23: 未確認 | L23: 未購入 | M23: 代替：PANDUIT HSTT-YK1／YK2は各15cm×2本で量が不足するため不採用
A24: 16 | B24: 材料 | C24: ハーネス結束用テープ（布） | D24: モノタロウ | E24: テープ ハーネス結束用（モノタロウ 89826862） | F24: ポリエステル布基材、アクリル系粘着剤、幅19mm×19.6m、厚さ0.3mm、−40〜105℃、手切り可 | G24: 1 | H24: =G24 -> 1 | I24: 巻 | J24: 4極ハーネス（AVツイストペア2組）を10〜15cm間隔で束ねる。14極ハーネスはSX(NE)単体のため、端部とクリップ部の保護に使用。両端に巻いて「前部／後部」「MOTOR／SIGNAL」を油性ペンで記入 | K24: 未確認 | L24: 未購入 | M24: 今回はこちらを購入。代替：キタコ ハーネステープ PVC 0900-755-07010（モノタロウ 73778959、幅19mm×20m、税込395円）
A25: 17 | B25: 材料 | C25: ケーブルクリップ（ねじ固定式） | D25: TRUSCO | E25: TCCシリーズ。同軸用：TCC0（適合径3.1mm、モノタロウ 48918886）。ハーネス用：4極・14極とも外径10mm前後のため12.7mmサイズが候補（ハーネスを組んで外径確認後に購入） | F25: ナイロン66、取付穴4.8mm（M4ねじ）、100個入り。適合径3.1〜36.7mmの12サイズ | G25: 1 | H25: =G25 -> 1 | I25: 袋 | J25: 4極ハーネス・14極ハーネス・GNSS同軸をそれぞれ別のクリップで固定し、互いに数cm離す。クリップはハーネスより少し大きいサイズを選び、隙間は布テープで調整。締めすぎ注意（ナイロン割れ・同軸の潰れ） | K25: 未確認 | L25: 未購入 | M25: TCC0×1袋を購入。ハーネス用（12.7mm候補）は外径確認後に追加購入。固定箇所はハーネス2本分（各3〜4か所）。M4ねじ・ナットは別途
A26: 18 | B26: 材料 | C26: マーカーチューブ（ビニールチューブ 白） | D26: デンカエレクトロン | E26: TB-3.2W（モノタロウ 34690083） | F26: 内径3.2mm、肉厚0.45mm、軟質PVC、白、5m、−20〜60℃ | G26: 1 | H26: =G26 -> 1 | I26: 本（5m） | J26: 圧着前に電線へ通す。油性ペンで「R+」「R−」「L+」「L−」などと記入（必要に応じ透明熱収縮チューブで保護）。①②③の各端部に約1.5cm（最大24か所） | K26: 未確認 | L26: 未購入 | M26: AV線が赤黒2色のみのため左右の区別に使用。「前部」「後部」は布テープ（No.16）に記入
A27: 19 | B27: 電線 | C27: RC用 細線（ピグテール） | D27: — | E27: UL1007 AWG24 より線（例） | F27: MDDS30のRC1・RC2の直前でSX(NE)の0.5sq線から継ぐ短い線。信号2本＋GND2本、各5〜10cm | G27: 0.4 | H27: =ROUNDUP(G27*条件!$B$12,1) -> 0.8 | I27: m | J27: SX(NE)の線とはんだで継ぎ、熱収縮チューブ（No.15の1.5／2.5mm）で絶縁。ドレインはこの継ぎ目でGND側の線にはんだ付け（RC1またはRC2の一方のみ）。継ぎ目はMDDS30近くで固定 | K27: 未確認 | L27: 未購入 | M27: 手持ちがあれば購入不要。色はSIG／GNDで分けると誤配線防止になる
A28: 20 | B28: コネクタ | C28: Dupont 1×3ピン ハウジング＋メス端子 | D28: — | E28: 2.54mmピッチ 1×3 ハウジング、メス圧着端子（AWG22〜28用） | F28: MDDS30のRC1・RC2（SIG・5V・GNDの3ピン）用。中央の5Vは空き | G28: 2 | H28: =G28 -> 2 | I28: 組 | J28: IWISS SN-2549で圧着。逆挿し防止のためハウジングとMDDS30にGND側の印、RC1／RC2（R／L）の印を付ける。振動で抜けないようホットボンド等で固定 | K28: 未確認 | L28: 未購入 | M28: ハウジング2個＋端子4個（予備含め多めに）。手持ちのDupontキットがあれば購入不要
A30: 集計
A31: 確認済の項目数 | C31: =COUNTIF(K5:K28,"確認済")&" / "&COUNTA(K5:K28) -> 0 / 24
A32: 受領済の項目数 | C32: =COUNTIF(L5:L28,"受領済")&" / "&COUNTA(L5:L28) -> 0 / 24
A34: 注記
A35: ・品番は公開されている販売店・メーカー資料で確認したもの（2026年10月時点）。購入前にMolexの製品ページで最新情報を確認してください。
A36: ・16AWG用端子の圧着工具・アプリケータは被覆外径別（1.80〜2.20mm、2.20〜2.45mm、2.60〜3.15mm）に分かれる。モーター線（ロボトップ4芯）の被覆外径は2.7mm。
A37: ・端子のめっきはオス・メスともすずめっきで統一する（すずと金を混ぜると、振動・水分によるフレッティング腐食や異種金属腐食で接触抵抗が上がる）。
A38: ・①③の引き出し長さとクランプ数は仮定値。「条件」シートで実寸に変更すると数量が更新される。

Sheet ピン配置
A1: 4極ハーネス＋14極ハーネス 中継コネクタ ピン配置（両方の中継位置で共通）
A2: 位置は配置案。実際のピン番号はハウジングの図面で確認し、「実際のピン番号」列に記入してください。
A4: コネクタ | B4: 列 | C4: 段 | D4: 信号 | E4: 電線 | F4: AWG | G4: 端子 | H4: 実際のピン番号 | I4: 備考
A5: 4極 | B5: 1 | C5: 上 | D5: 右M＋ | E5: エーモンAV1.25（赤） | F5: 1.25sq | G5: 16AWG用 | I5: 右モーターのツイストペア（赤＋／黒−）。両端にマーカー「R」
A6: 4極 | B6: 1 | C6: 下 | D6: 左M＋ | E6: エーモンAV1.25（赤） | F6: 1.25sq | G6: 16AWG用 | I6: 左モーターのツイストペア（赤＋／黒−）。両端にマーカー「L」
A7: 4極 | B7: 2 | C7: 上 | D7: 右M− | E7: エーモンAV1.25（黒） | F7: 1.25sq | G7: 16AWG用 | I7: 右モーターのツイストペア。マーカー「R」
A8: 4極 | B8: 2 | C8: 下 | D8: 左M− | E8: エーモンAV1.25（黒） | F8: 1.25sq | G8: 16AWG用 | I8: 左モーターのツイストペア。マーカー「L」
A9: 14極 | B9: 1 | C9: 上 | D9: 5V | E9: SX(NE) 0.5sq×7P | F9: 0.5sq | G9: 18〜24AWG用 | I9: ペア3。BEC（後部）からPixhawk等（前部）へ
A10: 14極 | B10: 1 | C10: 下 | D10: GND | E10: SX(NE) 0.5sq×7P | F10: 0.5sq | G10: 18〜24AWG用 | I10: ペア3の相手線。5V電流の戻り
A11: 14極 | B11: 2 | C11: 上 | D11: 5V（2本目） | E11: SX(NE) 0.5sq×7P | F11: 0.5sq | G11: 18〜24AWG用 | I11: ペア7。電圧降下を半減するため列4の5Vと両端で並列接続
A12: 14極 | B12: 2 | C12: 下 | D12: GND（2本目） | E12: SX(NE) 0.5sq×7P | F12: 0.5sq | G12: 18〜24AWG用 | I12: ペア7の相手線。列4のGNDと両端で並列接続
A13: 14極 | B13: 3 | C13: 上 | D13: CURRENT | E13: SX(NE) 0.5sq×7P | F13: 0.5sq | G13: 18〜24AWG用 | I13: ペア6。0〜3.3Vアナログ。25Vの線から離して配置
A14: 14極 | B14: 3 | C14: 下 | D14: VOLTAGE | E14: SX(NE) 0.5sq×7P | F14: 0.5sq | G14: 18〜24AWG用 | I14: ペア6の相手線。0〜3.3Vアナログ。基準は信号GND
A15: 14極 | B15: 4 | C15: 上 | D15: RC右 | E15: SX(NE) 0.5sq×7P | F15: 0.5sq | G15: 18〜24AWG用 | I15: ペア1
A16: 14極 | B16: 4 | C16: 下 | D16: RC左 | E16: SX(NE) 0.5sq×7P | F16: 0.5sq | G16: 18〜24AWG用 | I16: ペア2
... A22: 14極 | B22: 7 | C22: 下 | D22: LED− | E22: SX(NE) 0.5sq×7P | F22: 0.5sq | G22: 18〜24AWG用 | I22: ペア5の相手線。電源基板GNDへ専用線で戻す
A24: 性別（4極・14極とも）：③後部ユニット＝メス（5557）、②ハーネス後部側＝オス（5559）、②ハーネス前部側＝メス（5557）、①前部ユニット＝オス（5559）
A25: 4極ハーネス（モーター）と14極ハーネス（信号）は別々に配線し、数cm離す（交差は直角に）。両端に「MOTOR」「SIGNAL」のラベルを付け、挿し忘れを防ぐ（大きさが違うため差し違えは起きない）
A26: モーター電力と信号はハーネスごと分離されるため、20極案の空き列（緩衝）は不要
A27: 5V・GNDは2本ずつ使い、①③の機器側（PM02／制御基板）でそれぞれ合流させる
A28: 色：オレンジ＝モーター電力、灰＝電源・GND、紫＝アナログ（0〜3.3V）、緑＝RC信号、ピンク＝7S LiPo電圧（電流制限あり）
A29: MDDS30側（③）：RC右＝ペア1→RC1のSIG／GND、RC左＝ペア2→RC2のSIG／GND。手前でAWG24に継いでDupont 1×3（中央5Vは空き）。ドレインはRC1かRC2の一方のGNDへ

Sheet 条件
A1: ハーネス部品 購入リスト：計算条件
A2: 黄色のセル（青字）が入力欄です。値を変えると「購入リスト」の数量が自動で再計算されます。
A4: 項目 | B4: 値 | C4: 単位 | D4: 根拠・備考
A5: 中継コネクタ位置の数（各サイズとも） | B5: 2 | C5: 組 | D5: ③-②間、②-①間の2か所。4極・14極それぞれ同数
A6: 1コネクタあたりのモーター用ピン数（AWG16） | B6: 4 | C6: 本 | D6: 右M＋、右M−、左M＋、左M−
A7: 1コネクタあたりの信号・5V用ピン数（AWG20） | B7: 14 | C7: 本 | D7: 5V×2、GND×2、CURRENT、VOLTAGE、RC右、RC左、信号GND、ドレイン、SW COM、SW NC、LED＋、LED−
A8: 端子の購入倍率（練習・試験・予備分） | B8: 2.5 | C8: 倍 | D8: 圧着の練習と引っ張り試験用の余裕
A9: ②ハーネスの長さ | B9: 0.6 | C9: m | D9: ユーザー提示の50〜60cmの上限
A10: ①前部ユニットの引き出し長さ | B10: 0.3 | C10: m | D10: 仮定値。実寸に合わせて変更してください
A11: ③後部ユニットの引き出し長さ | B11: 0.3 | C11: m | D11: 仮定値。実寸に合わせて変更してください
A12: 電線の購入倍率（試作・作り直し分） | B12: 2 | C12: 倍 | D12: 作り直しに備えた余裕
A13: モーター線の本数 | B13: 4 | C13: 本 | D13: 左右×＋/−
A14: 編組スリーブの長さ倍率 | B14: 1.2 | C14: 倍 | D14: 端部処理・取り回し分
A15: ケーブルクランプの数 | B15: 6 | C15: 個 | D15: 仮定値。各コネクタの前後＋途中2か所
A17: 1区間あたりの電線長（①＋②＋③） | B17: =B9+B10+B11 -> 1.2 | C17: m
